{"Monroe": 0.31460077517656865, "Madison": 0.31460077517656865, "Jo Daviess": 0.0, "Bond": 0.31460077517656865, "Macoupin": 0.31460077517656865, "La Salle": 10.0, "Marion": 0.31460077517656865, "Knox": 10.0, "Perry": 0.31460077517656865, "Gallatin": 0.31460077517656865, "Champaign": 10.0, "Coles": 2.402590711055379, "Hardin": 0.31460077517656865, "Pike": 0.31460077517656865, "Whiteside": 10.0, "Saline": 0.31460077517656865, "Logan": 0.31460077517656865, "Lawrence": 0.31460077517656865, "De Witt": 10.0, "Boone": 0.0, "Edgar": 2.402590711055379, "Clinton": 0.31460077517656865, "Brown": 0.31460077517656865, "Clark": 2.402590711055379, "Macon": 0.31460077517656865, "Christian": 0.31460077517656865, "Ford": 10.0, "Cass": 0.31460077517656865, "Piatt": 2.402590711055379, "Scott": 0.31460077517656865, "White": 0.31460077517656865, "Moultrie": 0.31460077517656865, "Kane": 10.0, "Bureau": 10.0, "Vermilion": 2.402590711055379, "Livingston": 10.0, "Effingham": 0.31460077517656865, "Mason": 0.31460077517656865, "Jefferson": 0.31460077517656865, "Pope": 0.31460077517656865, "Marshall": 10.0, "Pulaski": 0.31460077517656865, "Ogle": 10.0, "Jasper": 0.31460077517656865, "Winnebago": 0.0, "Stephenson": 0.0, "Morgan": 0.31460077517656865, "Williamson": 0.31460077517656865, "Wabash": 1.4741650242692257, "Rock Island": 0.0, "Lake": 10.0, "Douglas": 2.402590711055379, "Randolph": 0.31460077517656865, "Fayette": 0.31460077517656865, "DeKalb": 10.0, "Kankakee": 10.0, "Shelby": 0.31460077517656865, "Iroquois": 10.0, "Warren": 0.31460077517656865, "Edwards": 0.31460077517656865, "Stark": 10.0, "Lee": 10.0, "Menard": 0.31460077517656865, "Fulton": 0.31460077517656865, "McDonough": 0.31460077517656865, "Woodford": 10.0, "McLean": 10.0, "Franklin": 0.31460077517656865, "Mercer": 0.0, "Johnson": 0.31460077517656865, "Clay": 0.31460077517656865, "Henry": 10.0, "Crawford": 2.402590711055379, "Cumberland": 2.402590711055379, "Washington": 0.31460077517656865, "Putnam": 10.0, "Kendall": 10.0, "Montgomery": 0.31460077517656865, "Alexander": 0.31460077517656865, "Wayne": 0.31460077517656865, "Calhoun": 0.31460077517656865, "Schuyler": 0.31460077517656865, "Tazewell": 0.31460077517656865, "Henderson": 0.31460077517656865, "Grundy": 10.0, "Jersey": 0.31460077517656865, "Carroll": 0.0, "Jackson": 0.31460077517656865, "St. Clair": 0.31460077517656865, "McHenry": 10.0, "DuPage": 10.0, "Greene": 0.31460077517656865, "Sangamon": 0.31460077517656865, "Hancock": 0.31460077517656865, "Union": 0.31460077517656865, "Richland": 0.31460077517656865, "Peoria": 10.0, "Massac": 1.5525070791135136, "Cook": 10.0, "Hamilton": 0.31460077517656865, "Will": 10.0}